order,sheet number ,date,local,species,nest,replicate nest,round,treatment,visit,age,band,nestlingID,colors,fledged,bill,tarsus,wingchord,mass,lesions,bknares,hg,hct1,hct2 ,hct,,,,,,
106,10,13-Mar-15,UR,GAMO,89,1,1,P,3,11,DC423,89-L,BlGSBl,1,8.8,34.06,22.39,43.43,0,0,11.6,19.32,54.36,0.355408389,,,,,,
107,10,13-Mar-15,UR,GAMO,89,1,1,P,3,11,DC422,89-B,GSRY,1,8.63,34.82,20.84,41.66,0,0,10.1,17.56,56.55,0.310521662,,,,,,
221,20,17-Mar-15,Gondor,GAMO,20,1,1,W,3,10,DC497,20-R,BlBlSR,1,7.98,34.97,15.19,41.01,0,1,11,20.59,57.9,0.355613126,,,,,,
235,21,19-Mar-15,RIV,GAMO,90,1,1,P,3,10,DC489,90-R,GYSW,1,7.92,33.69,17.03,40,0,0,11.2,21.99,61.94,0.355020988,,,,,,
172,15,15-Mar-15,Boardwalk,GAMO,77,1,1,P,3,11,DC474,77-R,GGyRS,1,8.89,35.79,23.23,39.28,0,0,11.1,15,50.64,0.296208531,,,,,,
265,24,21-Mar-15,Gondor,GAMO,25,1,1,P,3,11,DC525,25-B,SWBkGy,1,8.32,35.89,16.45,38.9,0,0,8.4,11.57,39.76,0.290995976,,,,,,
264,24,21-Mar-15,Gondor,GAMO,25,1,1,P,3,10,DC524,25-L,SGyYBk,1,7.9,35.87,16.34,38.8,0,0,11.7,17.03,49.39,0.344806641,,,,,,
252,23,20-Mar-15,TT,GAMO,74,1,1,P,3,11,DC514,74-R,OGWS,0,8.1026,35.1028,21.209,38.05,0,0,8.1,19.32,46.32,0.417098446,,,,,,
299,26.5,27-Mar-15,LR,GAMO,88,1,1,P,3,10,DC539,88-L,GyGGS,1,8.21,32.81,17.89,37.43,0,0,10.6,21.39,62.55,0.341966427,,,,,,
298,26.5,27-Mar-15,LR,GAMO,88,1,1,P,3,11,DC540,88-R,BlBkWS,1,7.61,34.91,16.38,37.37,0,0,9.3,16.14,52.55,0.307136061,,,,,,
127,12,13-Mar-15,beach,GAMO,59,1,1,P,3,11,DC438,59-R,GSGyGy,1,8.01,32.87,18.91,36.61,0,0,10.1,14.43,50.59,0.285234236,,,,,,
244,22,19-Mar-15,Rohan,GAMO,111,1,1,P,3,11,DC508,111-R,YGYS,0,7.84,33.31,19.01,36.5,0,0,9,16.41,54.14,0.303103066,,,,,,
105,10,13-Mar-15,UR,GAMO,89,1,1,P,3,11,DC425,89-R,GBkGyS,0,8.75,31.97,19.63,36.43,0,0,13,24.25,60.52,0.400693985,,,,,,
128,12,13-Mar-15,beach,GAMO,59,1,1,P,3,11,DC464,59-B,SYGO,1,8.51,32.39,18.58,35.91,0,0,9.8,6.48,22.29,0.290713324,,,,,,
247,22,19-Mar-15,LR,GAMO,42,1,1,W,3,11,DC513,42-N,SGyBlGy,0,7.92,33.99,17.11,35.8,0,0,6.4,14.31,55.88,0.256084467,,,,,,
245,22,19-Mar-15,AZ,GAMO,111,1,1,P,3,10,DC509,111-L,RBlBlS,1,7.94,33.91,17.93,35.1,0,0,10,20.74,61.44,0.337565104,,,,,,
173,15,15-Mar-15,Boardwalk,GAMO,77,1,1,P,3,10,DC476,77-L,OSBlW,0,9.06,33.56,33.56,34.98,0,0,10.2,16.25,57.26,0.283793224,,,,,,
205,19,17-Mar-15,UR,GAMO,85,1,1,W,3,11,DC500,85-R,GySRGy,1,8.53,33.31,18.53,34.1,0,0,8.3,18.23,56.29,0.323858589,,,,,,
223,20,17-Mar-15,Gondor,GAMO,20,1,1,W,3,10,DC498,20-B,BlSWG,1,7.4,32.49,14.67,33.76,0,1,,21.72,60.71,0.357766431,,,,,,
236,21,19-Mar-15,HD,GAMO,140,1,1,W,3,11,DC495,140-R,GSYY,1,7.18,32.65,14.88,33.1,2,2,4.6,12.03,48.17,0.249740502,,,,,,
253,23,20-Mar-15,TT,GAMO,74,1,1,P,3,11,DC515,74-L,SRWR,1,8.3058,32.3596,19.4564,32.95,0,0,8.2,19.73,51.6,0.382364341,,,,,,
246,22,19-Mar-15,AZ,GAMO,42,1,1,W,3,11,DC512,42-L,BlYRS,0,8.23,35.42,19.15,32.8,0,1,4.5,10.42,51.16,0.203674746,,,,,,
263,24,21-Mar-15,Gondor,GAMO,25,1,1,P,3,11,DC523,25-R,GyBlOS,1,7.43,30.75,14.94,32.7,0,0,8.6,19.53,63.22,0.308921227,,,,,,
206,19,17-Mar-15,UR,GAMO,85,1,1,W,3,11,DC499,85-B,ROGS,0,8.12,33.44,19.63,32.52,0,0,,1.72,5.45,0.31559633,,,,,,
174,16,15-Mar-15,BW,GAMO,77,1,1,P,3,11,DC477,77-N,RBlRS,0,8.66,32.53,19.96,32.45,0,0,10.1,16,55.52,0.288184438,,,,,,
222,20,17-Mar-15,Gondor,GAMO,20,1,1,W,3,10,DC496,20-L,GySWW,1,7.01,30.71,12.79,30.04,0,1,9.7,21.27,62.72,0.339126276,,,,,,
237,21,19-Mar-15,HD,GAMO,140,1,1,W,3,10,DC501,140-L,WSOBl,1,6.96,30.25,13.59,29.5,0,2,5.3,13.78,59.36,0.232142857,,,,,,
29,4,8-Mar-15,UR,GAMO,89,1,1,P,2,6,DC423,89-L,,1,6.54,24.28,6.15,28.99,0,1,7.5,5.99,21.82,0.27451879,,,,,,
280,25,22-Mar-15,UR,GAMO,100,1,1,P,3,9,DC528,100-B,BlSRBl,1,7.02,29.32,11.87,28.9,0,0,10,19.8,60.8,0.325657895,,,,,,
278,25,22-Mar-15,UR,GAMO,100,1,1,P,3,10,DC526,100-R,RWGyS,1,6.35,29.47,9.08,28.24,0,0,10.5,21.53,62.28,0.345696853,,,,,,
304,26.5,27-Mar-15,Gondor,GAMO,7,1,1,W,3,7,DC545,7-R,OBkYGy,0,6.83,27.75,10.15,27.3,0,1,5,12.45,60.37,0.206228259,,,,,,
26,3,8-Mar-15,UR,GAMO,89,1,1,P,2,6,DC422,89-B,,1,5.53,21.75,5.11,27.19,0,1,7.3,11.62,45.96,0.252828547,,,,,,
59,6,10-Mar-15,BW,GAMO,77,1,1,P,2,6,DC474,77-R,,1,5.91,24.66,,26.9,0,0,7.2,,,,,,,,,
305,26.5,27-Mar-15,Gondor,GAMO,7,1,1,W,3,7,DC546,7-L,GGSR,1,7.95,33.45,15.49,25.3,0,2,4.3,14.36,60.11,0.238895359,,,,,,
162,15,14-Mar-15,LR,GAMO,42,1,1,W,2,6,DC512,42-L,,0,5.77,21.95,4.64,23.85,0,2,,10.36,49.69,0.208492654,,,,,,
163,15,14-Mar-15,LR,GAMO,42,1,1,W,2,6,DC513,42-N,,0,5.35,21.52,3.47,23.13,0,0,,13.23,48.65,0.271942446,,,,,,
37,4,8-Mar-15,Beach,GAMO,59,1,1,P,2,6,DC438,59-R,,1,5.73,22.29,4.27,22.77,0,0,7.2,14.94,57.19,0.261234482,,,,,,
203,18,16-Mar-15,Gondor,GAMO,25,1,1,P,2,6,DC525,25-B,,1,5.39,21.59,2.45,22.59,0,0,6.6,11.83,43.79,0.270153003,,,,,,
38,4,8-Mar-15,Beach,GAMO,59,1,1,P,2,6,DC464,59-B,,1,5.81,,3.4,22.11,0,0,8.7,8.72,32.44,0.268803946,,,,,,
166,15,15-Mar-15,TT,GAMO,74,1,1,P,2,6,DC514,74-R,,0,5.85,22.93,5.64,22.09,0,0,7.2,18.98,61.79,0.307169445,,,,,,
202,18,16-Mar-15,Gondor,GAMO,25,1,1,P,2,5,DC524,25-L,,1,4.95,21.54,2.75,22.04,0,0,8.3,13.84,43.96,0.314831665,,,,,,
97,9,11-Mar-15,UR,GAMO,85,1,1,W,2,5,DC499,85-B,,0,6.02,22.77,5.59,21.96,,2,5.4,18.88,63.2,0.298734177,,,,,,
28,4,8-Mar-15,UR,GAMO,89,1,1,P,2,6,DC425,89-R,,0,5.63,19.45,3.27,21.9,0,0,6.7,2.54,10.9,0.233027523,,,,,,
150,14,14-Mar-15,AZ,GAMO,111,1,1,P,2,6,DC508,111-R,,0,5.49,22.39,3.72,21.76,0,0,7.1,21.45,64.12,0.334529008,,,,,,
137,12,14-Mar-15,HD,GAMO,140,1,1,W,2,6,DC495,140-R,,1,5.6,20.52,2.74,21.35,0,2,7.3,15.25,47.75,0.319371728,,,,,,
136,12,14-Mar-15,Shire,GAMO,90,1,1,P,2,5,DC489,90-R,,1,5.12,20.58,3.34,21.34,0,0,10.2,15.36,44.72,0.343470483,,,,,,
151,14,14-Mar-15,AZ,GAMO,111,1,1,P,2,5,DC509,111-L,,1,5.41,20.2,2.42,21.12,0,0,6.8,16.73,57.22,0.292380287,,,,,,
108,10,13-Mar-15,UR,GAMO,89,1,1,P,3,10,DC424,89-N,RYSY,1,8,30.71,12.58,20.98,0,0,9.4,12.32,34.62,0.355863663,,,,,,
61,6,10-Mar-15,BW,GAMO,77,1,1,P,2,6,DC477,77-N,,0,5.98,21.96,,20.79,0,0,8.7,,,,,,,,,
224,20,17-Mar-15,BW,GAMO,93,1,1,W,2,5,,93-R,,0,5.36,20.06,1.69,20.39,0,2,5.2,9.27,39.12,0.23696319,,,,,,
167,15,15-Mar-15,TT,GAMO,74,1,1,P,2,6,DC515,74-L,,1,5.58,22.17,4.74,20.1,0,1,7,19.5,63.22,0.308446694,,,,,,
95,9,11-Mar-15,UR,GAMO,85,1,1,W,2,5,DC500,85-R,,1,5.04,21.48,3.8,19.66,,0,7.6,18.16,66.04,0.274984858,,,,,,
249,22,22-Mar-15,LR,GAMO,88,1,1,P,2,5,DC539,88-L,,1,5.19,18.32,2.84,19.37,0,0,7.8,13.7,43.72,0.313357731,,,,,,
180,16,16-Mar-15,UR,GAMO,76,1,1,W,2,5,,76-L,,0,5.08,22.1,2.6,19.28,0,2,4.1,13.14,60.37,0.217657777,,,,,,
60,6,10-Mar-15,BW,GAMO,77,1,1,P,2,5,DC476,77-L,,0,5.23,23.25,,19.05,0,0,8.4,,,,,,,,,
248,22,22-Mar-15,LR,GAMO,88,1,1,P,2,6,DC540,88-R,,1,4.82,17.12,1.88,18.56,0,0,6.3,9.12,33.11,0.275445485,,,,,,
201,18,16-Mar-15,Gondor,GAMO,25,1,1,P,2,6,DC523,25-R,,1,4.75,18.3,2.34,18.42,0,0,9.3,8.26,27.75,0.297657658,,,,,,
179,16,16-Mar-15,UR,GAMO,76,1,1,W,2,5,,76-R,,0,5.27,20.54,2.19,17.83,0,2,2.6,4.18,31.08,0.134491634,,,,,,
279,25,22-Mar-15,UR,GAMO,100,1,1,P,3,10,DC527,100-L,YSBkG,1,5.59,22.04,5.98,16.75,0,0,6,16.96,59.31,0.285955151,,,,,,
138,13,14-Mar-15,HD,GAMO,140,1,1,W,2,5,DC501,140-L,,1,5.02,18.73,1.98,16.61,0,1,7.8,18.2,59.18,0.30753633,,,,,,
98,9,12-Mar-15,Gondor,GAMO,20,1,1,W,2,5,DC497,20-R,,1,4.6,17.42,1.84,15.84,,2,5.6,14.92,57.75,0.258354978,,,,,,
96,9,11-Mar-15,UR,GAMO,85,1,1,W,2,4,,85-L,,0,4.51,17.01,2.26,15.78,,2,7.5,13.98,43.28,0.323012939,,,,,,
149,13,14-Mar-15,Rohan,GAMO,122,1,1,W,2,5,,122-L,,0,5,18.23,2.24,15.25,0,1,3.8,6.7,36.69,0.182611066,,,,,,
100,10,12-Mar-15,Gondor,GAMO,20,1,1,W,2,5,DC498,20-B,,1,4.58,17.72,1.5,14.24,0,2,2.8,9.92,62.51,0.158694609,,,,,,
148,13,14-Mar-15,Rohan,GAMO,122,1,1,W,2,5,,122-R,,0,4.43,17.94,2.19,13.96,0,2,3.2,7.9,48.64,0.162417763,,,,,,
208,19,17-Mar-15,UR,GAMO,100,1,1,P,2,5,DC526,100-R,,1,4.64,14.38,1.48,13.17,0,2,,NO BLOOD,,,,,,,,
209,19,17-Mar-15,UR,GAMO,100,1,1,P,2,5,DC527,100-L,,1,4.47,13.97,0.74,12.7,0,0,,,,,,,,,,
181,16,16-Mar-15,UR,GAMO,76,1,1,W,2,4,,76-N,,0,4.38,16.78,1.21,12.42,0,2,4.2,12.88,52.57,0.245006658,,,,,,
27,4,8-Mar-15,UR,GAMO,89,1,1,P,2,5,DC424,89-N,,1,4.71,17.31,1.2,12.06,0,0,5.9,1.33,5.68,0.23415493,,,,,,
99,9,12-Mar-15,Gondor,GAMO,20,1,1,W,2,5,DC496,20-L,,1,4.79,15.12,1.15,10.93,,2,2.5,9.62,63.28,0.152022756,,,,,,
175,16,15-Mar-15,BW,GAMO,93,1,1,W,1,3,,93-R,,0,3.96,13.42,,10.89,0,1,,,,,,,,,,
161,14,14-Mar-15,LR,GAMO,42,1,1,W,2,5,,42-R,,0,4.39,15.66,1.31,10.12,0,1,,8.84,31.03,0.284885595,,,,,,
225,20,17-Mar-15,BW,GAMO,93,1,1,W,2,4,,93-L,,0,4.04,13.11,,10.11,0,2,4.6,1.23,4.26,0.288732394,,,,,,
83,8,11-Mar-15,LR,GAMO,42,1,1,W,1,3,DC512,42-L,,0,4.02,12.07,,9.42,0,1,,,,,,,,,,
168,15,15-Mar-15,TT,GAMO,74,1,1,P,2,6,,74-N,,0,4.99,17.46,3.05,9.23,0,1,8.7,13.65,46.19,0.295518511,,,,,,
79,8,11-Mar-15,Shire,GAMO,90,1,1,P,1,2,DC489,90-R,,1,3.32,10.44,,8.9,0,2,,,,,,,,,,
84,8,11-Mar-15,LR,GAMO,42,1,1,W,1,3,DC513,42-N,,0,3.64,11.37,,8.87,0,0,,,,,,,,,,
204,18,16-Mar-15,Gondor,GAMO,25,1,1,P,2,5,,25-N,,0,3.47,13.52,,8.66,0,0,9.8,16.74,46.66,0.358765538,,,,,,
110,10,13-Mar-15,UR,GAMO,76,1,1,W,1,2,,76-L,,0,3.84,10.63,,8.3,0,2,,,,,,,,,,
207,19,17-Mar-15,UR,GAMO,100,1,1,P,2,4,DC528,100-N,,1,3.98,11.85,0.43,8.09,0,0,,NO PLASMA,,,,,,,,
15,3,6-Mar-15,BW,GAMO,77,1,1,P,1,2,DC474,77-R,,1,3.43,10.89,,7.86,0,2,,,,,,,,,,
109,10,13-Mar-15,UR,GAMO,76,1,1,W,1,2,,76-R,,0,3.39,10.59,,7.5,0,2,,,,,,,,,,
17,3,6-Mar-15,BW,GAMO,77,1,1,P,1,2,DC477,77-N,,0,3.11,9.92,,7.15,0,0,,,,,,,,,,
24,3,8-Mar-15,UR,GAMO,85,1,1,W,1,2,DC499,85-B,,0,2.89,10.08,,6.93,0,0,,,,,,,,,,
277,25,22-Mar-15,LR,GAMO,88,1,1,P,2,5,,88-N,,0,3.39,11.6,,6.49,0,0,6.4,3.79,16.42,0.230816078,,,,,,
3,1,4-Mar-15,Beach,GAMO,59,1,1,P,1,2,DC464,59-B,,1,3.14,9.3,,6.2,0,0,,,,,,,,,,
76,8,10-Mar-15,HD,GAMO,140,1,1,W,1,2,DC495,140-R,,1,3.07,9.64,,6.2,0,0,,,,,,,,,,
8,1,4-Mar-15,UR,GAMO,89,1,1,P,1,2,DC425,89-R,,0,3.01,7.55,,6.1,0,2,,,,,,,,,,
62,6,10-Mar-15,AZ,GAMO,111,1,1,P,1,2,DC508,111-R,,0,3.06,9.23,,6.05,0,2,,,,,,,,,,
176,16,15-Mar-15,BW,GAMO,93,1,1,W,1,2,,93-L,,0,3.24,8.52,,5.84,0,2,,,,,,,,,,
16,3,6-Mar-15,BW,GAMO,77,1,1,P,1,1,DC476,77-L,,0,3.01,8.92,,5.75,0,2,,,,,,,,,,
103,10,12-Mar-15,Gondor,GAMO,25,1,1,P,1,2,DC525,25-B,,1,2.83,9.05,,5.67, ,,,,,,,,,,,
22,3,8-Mar-15,UR,GAMO,85,1,1,W,1,2,DC500,85-R,,1,2.81,9.33,,5.63,0,2,,,,,,,,,,
82,8,11-Mar-15,LR,GAMO,42,1,1,W,1,2,,42-R,,0,3.02,9.43,,5.63,0,2,,,,,,,,,,
1,1,4-Mar-15,Beach,GAMO,59,1,1,P,1,2,DC438,59-R,,1,3.23,9.42,,5.6,0,2,,,,,,,,,,
102,10,12-Mar-15,Gondor,GAMO,25,1,1,P,1,2,DC524,25-L,,1,2.94,8.7,,5.31,0,0,,,,,,,,,,
63,7,10-Mar-15,AZ,GAMO,111,1,1,P,1,1,DC509,111-L,,1,2.84,8.6,,4.99,0,2,,,,,,,,,,
33,4,8-Mar-15,Gondor,GAMO,20,1,1,W,1,1,DC497,20-R,,1,2.39,7.97,,4.98,0,1,,,,,,,,,,
65,7,10-Mar-15,AZ,GAMO,122,1,1,W,1,1,,122-R,,0,2.8,7.83,,4.98,0,1,,,,,,,,,,
112,11,13-Mar-15,UR,GAMO,76,1,1,W,1,1,,76-N,,0,3.07,8.7,,4.93,0,2,,,,,,,,,,
4,1,4-Mar-15,Beach,GAMO,59,1,1,P,1,1,,59-N,,0,3.27,8.25,,4.9,0,0,,,,,,,,,,
139,13,14-Mar-15,HD,GAMO,140,1,1,W,2,5,,140-B,,0,3.78,11.56,,4.88,0,1,,,,,,,,,,
77,8,10-Mar-15,HD,GAMO,140,1,1,W,1,1,DC501,140-L,,1,2.73,8.61,,4.85,0,0,,,,,,,,,,
45,5,10-Mar-15,UR,GAMO,74,1,1,P,1,1,DC514,74-R,,0,2.63,8.12,,4.74,0,2,,,,,,,,,,
66,7,10-Mar-15,AZ,GAMO,122,1,1,W,1,1,,122-L,,0,2.96,8.37,,4.73,0,2,,,,,,,,,,
267,24,21-Mar-15,Gondor,GAMO,7,1,1,W,1,1,DC546,7-L,,1,2.77,9.68,,4.7,0,1,,,,,,,,,,
47,5,10-Mar-15,UR,GAMO,74,1,1,P,1,1,,74-B,,0,2.76,8.16,,4.45,0,1,,,,,,,,,,
23,3,8-Mar-15,UR,GAMO,85,1,1,W,1,1,,85-L,,0,2.75,7.68,,4.35,0,1,,,,,,,,,,
210,19,17-Mar-15,LR,GAMO,88,1,1,P,1,1,DC540,88-R,,1,2.0828,7.7724,,4.21,0,0,,,,,,,,,,
101,10,12-Mar-15,Gondor,GAMO,25,1,1,P,1,1,DC523,25-R,,1,2.72,8.07,,4.15,0,0,,,,,,,,,,
35,4,8-Mar-15,Gondor,GAMO,20,1,1,W,1,1,DC498,20-B,,1,2.65,7.98,,4.08,0,2,,,,,,,,,,
34,4,8-Mar-15,Gondor,GAMO,20,1,1,W,1,1,DC496,20-L,,1,2.01,7.17,,3.98,0,0,,,,,,,,,,
46,5,10-Mar-15,UR,GAMO,74,1,1,P,1,1,DC515,74-L,,1,2.94,8.26,,3.91,0,0,,,,,,,,,,
78,8,10-Mar-15,HD,GAMO,140,1,1,W,1,1,,140-B,,0,2.57,7.7,,3.9,0,0,,,,,,,,,,
10,1,4-Mar-15,UR,GAMO,89,1,1,P,1,1,DC424,89-N,,1,2.27,7.28,,3.8,0,0,,,,,,,,,,
111,10,13-Mar-15,UR,GAMO,76,1,1,W,1,1,,76-B,,0,2.9,7.63,,3.72,0,2,,,,,,,,,,
117,11,13-Mar-15,UR,GAMO,100,1,1,P,1,1,DC526,100-R,,1,2.53,8.84,,3.65,0,0,,,,,,,,,,
266,24,21-Mar-15,Gondor,GAMO,7,1,1,W,1,1,DC545,7-R,,0,2.52,8.18,,3.5,0,0,,,,,,,,,,
25,3,8-Mar-15,UR,GAMO,85,1,1,W,1,1,,85-N,,0,2.15,6.78,,3.37,0,0,,,,,,,,,,
48,5,10-Mar-15,UR,GAMO,74,1,1,P,1,1,,74-N,,0,2.15,8.09,,3.34,0,0,,,,,,,,,,
2,1,4-Mar-15,Beach,GAMO,59,1,1,P,1,1,,59-L,,0,2.4,7.01,,3.3,0,0,,,,,,,,,,
67,7,10-Mar-15,AZ,GAMO,122,1,1,W,1,1,,122-N,,0,2.5,7.56,,3.15,0,0,,,,,,,,,,
118,11,13-Mar-15,UR,GAMO,100,1,1,P,1,1,DC527,100-L,,1,2.59,7.45,,2.88,0,0,,,,,,,,,,
9,1,4-Mar-15,UR,GAMO,89,1,1,P,1,2,DC423,89-L,,1,3.79,11.17,,,0,0,,,,,,,,,,
11,1,4-Mar-15,UR,GAMO,89,1,1,P,1,2,DC422,89-B,,1,3.27,11.64,,,0,2,,,,,,,,,,
191,17,16-Mar-15,Shire,GAMO,2,2,1,P,3,11,DC481,2-R,SOBlR,0,8.13,31.17,18.45,39.22,0,0,8.7,16.81,46.95,0.358040469,,,,,,
240,22,19-Mar-15,Mordor,GAMO,52,2,1,P,3,11,DC504,52-R,GrYSW,1,9.22,33.58,20,38.5,0,0,8.8,18.23,58.23,0.313068865,,,,,,
241,22,19-Mar-15,Mordor,GAMO,52,2,1,P,3,10,DC505,52-L,BlRSO,1,9.15,32.19,17.55,38.2,0,0,10,16.98,48.86,0.347523537,,,,,,
260,23,21-Mar-15,AZ,GAMO,24,2,1,P,3,11,DC520,24-R,SRGR,1,7.7,31.27,13.26,36.8,0,0,10.8,19.5,59.27,0.329002868,,,,,,
261,23,21-Mar-15,AZ,GAMO,24,2,1,P,3,11,DC521,24-L,OWGyS,1,7.55,31.43,12.99,34.1,0,0,10.4,24.65,68.35,0.360643745,,,,,,
242,22,19-Mar-15,Mordor,GAMO,91,2,1,P,3,10,DC506,91-R,SBlBkO,0,7.37,30.4,13.14,33.7,0,0,9.3,20.63,58.72,0.351328338,,,,,,
295,26,26-Mar-15,RIV,GAMO,132,2,1,W,3,11,DC537,132-L,BlBkWS,1,7.98,32.58,16.09,33.4,2,2,,BAD SPIN,,,,,,,,
192,17,16-Mar-15,Shire,GAMO,2,2,1,P,3,10,DC480,2-L,WGSBl,0,7.86,32.42,17.61,32.12,0,0,8.4,12.44,37.98,0.327540811,,,,,,
193,17,16-Mar-15,Shire,GAMO,2,2,1,P,3,10,DC482,2-B,YYSG,1,8.25,32.46,17.07,31.8,0,0,8.7,18.3,50.46,0.362663496,,,,,,
250,23,19-Mar-15,UR,GAMO,35,2,1,W,3,11,DC510,35-R,BkGySW,0,6.52,30.7,13.37,31.73,0,2,4.3,11.18,58.89,0.189845475,,,,,,
126,12,13-Mar-15,Gondor,GAMO,131,2,1,W,3,11,DC467,131-L,RGYS,0,7.22,30.42,15.39,31.63,0,2,6.7,14.82,57.2,0.259090909,,,,,,
302,26.5,27-Mar-15,gondor mesa,GAMO,138,2,1,P,3,8,DC543,138-L,WSBkGy,1,7.31,29.17,13.63,30.4,0,0,9.9,20.1,59.57,0.337418164,,,,,,
243,22,19-Mar-15,Rohan,GAMO,91,2,1,P,3,10,DC507,91-L,SYGyW,1,7.09,30.88,11.3,29.8,0,0,7.4,16.56,56.68,0.292166549,,,,,,
251,23,19-Mar-15,UR,GAMO,35,2,1,W,3,11,DC511,35-L,YGSBk,0,6.99,30.22,11.24,29.34,0,2,5.8,15.1,49.82,0.303091128,,,,,,
303,26.5,27-Mar-15,gondor mesa,GAMO,138,2,1,P,3,7,DC544,138-N,ROGS,1,7.19,28.64,12.46,28.7,0,0,9.3,14.37,44.81,0.320687347,,,,,,
228,21,19-Mar-15,Secret Gondor,GAMO,137,2,1,P,3,10,DC486,137-B,RBkBkS,1,6.86,28.86,13.47,28.6,0,0,8.7,18.89,57,0.331403509,,,,,,
239,22,19-Mar-15,Rohan,GAMO,129,2,1,W,3,10,DC503,129-L,RGyGyS,0,6.52,29.21,9.87,28,4,1,7.8,14.68,46.17,0.317955382,,,,,,
231,21,19-Mar-15,RIV,GAMO,95,2,1,P,3,10,DC487,95-R,BlSOR,1,6.39,27.7,11.12,27.8,0,0,10,16.31,47.79,0.341284788,,,,,,
227,21,19-Mar-15,Secret Gondor,GAMO,137,2,1,P,3,10,DC485,137-L,RSYY,1,6.14,28.42,13.84,26.1,0,0,8.6,19.66,64.28,0.305849409,,,,,,
135,12,13-Mar-15,UR,GAMO,98,2,1,W,3,10,DC465,98-L,YGSGy,0,7.53,2.32,14.36,25.93,0,1,,12.54,54.4,0.230514706,,,,,,
262,24,21-Mar-15,AZ,GAMO,24,2,1,P,3,10,DC522,24-N,BlSGBl,0,6.11,24.95,7.13,24.8,0,0,7.6,15.38,55.71,0.276072518,,,,,,
238,22,19-Mar-15,Rohan,GAMO,129,2,1,W,3,10,DC502,129-R,SBlGY,0,6.76,26.17,10.42,23.7,3,2,4.7,3.96,20.67,0.191582003,,,,,,
226,21,19-Mar-15,Secret Gondor,GAMO,137,2,1,P,3,10,DC484,137-R,SWOR,0,4.29,27.05,12.11,23.3,0,1,7.7,14.75,52.97,0.278459505,,,,,,
40,5,9-Mar-15,UR,GAMO,98,2,1,W,2,6,,98-B,,0,6.03,21.33,,22.41,0,2,5.2,15.44,58.42,0.26429305,,,,,,
274,25,21-Mar-15,RIV,GAMO,132,2,1,W,2,6,DC537,132-L,,1,5.04,21.77,3.27,22.4,0,2,5.8,10.57,45.6,0.231798246,,,,,,
39,5,9-Mar-15,UR,GAMO,98,2,1,W,2,6,DC465,98-L,,0,5.53,21.49,,22.37,0,2,,11.4,42.79,0.266417387,,,,,,
142,13,14-Mar-15,mordor,GAMO,52,2,1,P,2,6,DC504,52-R,,1,6.38,21.99,5.04,22.25,0,0,6.2,16.94,48.99,0.345784854,,,,,,
258,23,21-Mar-15,ROHAN,GAMO,53,2,1,W,3,10,DC518,53-R,GyOSR,0,7.38,27.27,10.56,22.2,0,2,9.2,20.48,60.57,0.338121182,,,,,,
42,5,9-Mar-15,UR,GAMO,98,2,1,W,2,6,,98-R,,0,5.78,20.17,,21.48,0,2,,16.96,63.41,0.267465699,,,,,,
88,9,11-Mar-15,Shire,GAMO,2,2,1,P,2,6,DC481,2-R,,0,5.44,18.41,3.02,20.51,,0,7, , ,,,,,,,
259,23,21-Mar-15,ROHAN,GAMO,53,2,1,W,3,10,DC519,53-L,BlYSR,0,6.38,27.07,9.27,20.5,0,2,6,12.02,49.01,0.24525607,,,,,,
30,4,8-Mar-15,Plot,GAMO,131,2,1,W,2,6,DC418,131-R,,1,5.46,19.09,3.61,19.94,0,2,5.7,13.54,54.57,0.248121679,,,,,,
144,13,14-Mar-15,mordor,GAMO,52,2,1,P,2,6,,52-N,,0,6.34,21.52,4.28,19.93,0,0,7.5,17.67,51.89,0.34052804,,,,,,
196,17,16-Mar-15,ROHAN,GAMO,53,2,1,W,2,5,DC518,53-R,,0,4.81,18.81,1.69,19.01,0,0,6.8,11.55,46.31,0.249406176,,,,,,
294,26,26-Mar-15,RIV,GAMO,132,2,1,W,3,11,DC536,132-R,YGySY,0,7.33,26.32,12.84,19,2,2,,13.74,56.16,0.24465812,,,,,,
184,16,16-Mar-15,UR,GAMO,103,2,1,P,2,5,,103-R,,0,4.41,15.71,1.44,18.17,0,0,7.1,14.75,52.09,0.283163755,,,,,,
273,24,21-Mar-15,Riv entrance,GAMO,132,2,1,W,2,6,DC536,132-R,,0,5.24,17.38,2.12,17.9,0,1,2.8,,,,,,,,,
89,9,11-Mar-15,Shire,GAMO,2,2,1,P,2,5,DC480,2-L,,0,5.19,17.97,2.41,17.53,,0,7.2, ,,,,,,,,
152,14,14-Mar-15,Gondor,GAMO,115,2,1,W,2,5,,115-R,,0,5.34,19.56,3.08,17.14,0,1,5.6,18.17,58.95,0.308227311,,,,,,
198,18,16-Mar-15,AZ,GAMO,24,2,1,P,2,6,DC520,24-R,,1,4.91,16.38,1.72,17.05,0,0,8.5,7.22,25.87,0.279087746,,,,,,
197,17,16-Mar-15,ROHAN,GAMO,53,2,1,W,2,5,DC519,53-L,,0,4.59,17.12,1.36,17.02,0,1,4,11.4,57.69,0.197607904,,,,,,
90,9,11-Mar-15,Shire,GAMO,2,2,1,P,2,5,DC482,2-B,,1,5.14,18.34,2.4,16.93,,0,8.4, ,,,,,,,,
164,15,14-Mar-15,UR,GAMO,35,2,1,W,2,6,DC510,35-R,,0,5.19,20.15,2.29,16.93,0,0,,,,,,,,,,
153,14,14-Mar-15,Gondor,GAMO,115,2,1,W,2,5,,115-L,,0,5.07,21.47,3.26,16.61,0,1,3.7,14.84,56.65,0.2619594,,,,,,
145,13,14-Mar-15,Rohan,GAMO,91,2,1,P,2,5,DC506,91-R,,0,4.89,17.72,2.36,16.5,0,0,6.2,18.17,54.6,0.332783883,,,,,,
199,18,16-Mar-15,AZ,GAMO,24,2,1,P,2,6,DC521,24-L,,1,4.81,17.56,1.54,16.34,0,0,8.7,14.09,46.09,0.305706227,,,,,,
160,14,14-Mar-15,RR,GAMO,109,2,1,W,2,6,,109-B,,0,5.2,19.62,4.42,16.18,0,2,,10.5,59.63,0.176085863,,,,,,
194,17,16-Mar-15,Shire,GAMO,108,2,1,W,2,5,,108-L,,0,4.54,17.35,0.81,15.65,1,0,6.3,16.3,57.12,0.285364146,,,,,,
158,14,14-Mar-15,RR,GAMO,95,2,1,P,2,5,DC487,95-R,,1,4.47,16.64,0.97,15.15,0,0,6.5,17.84,55.54,0.321209939,,,,,,
165,15,15-Mar-15,UR,GAMO,35,2,1,W,2,6,DC511,35-L,,0,4.76,18.14,2.26,14.82,0,2,,10.09,58.7,0.171890971,,,,,,
275,25,21-Mar-15,RIV,GAMO,132,2,1,W,2,5,,132-B,,0,4.76,16.14,1.51,14.8,0,1,4.9,10.61,50.49,0.210140622,,,,,,
287,26,24-Mar-15,gondor mesa,GAMO,138,2,1,P,2,5,DC543,138-L,,1,4.28,15.66,1.74,14.7,0,0,7.3,17.7,55.15,0.320942883,,,,,,
156,14,14-Mar-15,SRR',GAMO,137,2,1,P,2,5,DC486,137-B,,1,3.96,17.17,1.35,14.54,0,2,,7.67,27.31,0.280849506,,,,,,
146,13,14-Mar-15,Rohan,GAMO,91,2,1,P,2,5,DC507,91-L,,1,4.6,17.66,1.29,14.52,0,0,,6.19,20.2,0.306435644,,,,,,
143,13,14-Mar-15,mordor,GAMO,52,2,1,P,2,5,DC505,52-L,,1,4.79,18.13,1.94,14.37,0,0,6.5,18.05,53.11,0.339860667,,,,,,
141,13,14-Mar-15,rohan,GAMO,129,2,1,W,2,5,DC503,129-L,,0,4.55,16.82,1.76,13.59,0,0,3.2,8.1,49,0.165306122,,,,,,
155,14,14-Mar-15,SRR,GAMO,137,2,1,P,2,5,DC485,137-L,,1,2.54,17.03,1.27,13.54,0,2,7.1,6.37,22.89,0.278287462,,,,,,
140,13,14-Mar-15,Rohan,GAMO,129,2,1,W,2,5,DC502,129-R,,0,4.73,16.72,1.33,13.22,0,1,3.8,9.62,55.6,0.173021583,,,,,,
154,14,14-Mar-15,SRR,GAMO,137,2,1,P,2,5,DC484,137-R,,0,3.05,17.87,1.24,13.22,0,2,,4.78,16.45,0.290577508,,,,,,
41,5,9-Mar-15,UR,GAMO,98,2,1,W,2,5,,98-N,,0,4.42,14.81,,12.25,0,2,,,,,,,,,,
31,4,8-Mar-15,Plot,GAMO,131,2,1,W,2,6,DC467,131-L,,0,5.34,20.46,3.19,12.21,0,2,5.2,14.27,55.29,0.258093688,,,,,,
185,16,16-Mar-15,UR,GAMO,103,2,1,P,2,5,,103-L,,0,4.19,13.55,1.05,11.99,0,0,3.4,2.22,7.44,0.298387097,,,,,,
159,14,14-Mar-15,RR,GAMO,109,2,1,W,2,5,,109-R,,0,3.68,16.26,2.68,11.71,0,2,5.8,7.8,45.01,0.173294823,,,,,,
288,26,24-Mar-15,gondor mesa,GAMO,138,2,1,P,2,4,DC544,138-N,,1,4.01,14.09,1.06,11.2,0,0,6.4,3.38,13.66,0.247437775,,,,,,
186,17,16-Mar-15,UR,GAMO,103,2,1,P,2,4,,103-B,,0,4.03,13.18,0.66,8.78,0,0,6.3,4.21,18.2,0.231318681,,,,,,
200,18,16-Mar-15,AZ,GAMO,24,2,1,P,2,5,DC522,24-N,,0,3.64,10.44,,8.71,0,0,6.1,4.93,16.61,0.296809151,,,,,,
73,7,10-Mar-15,Mordor,GAMO,52,2,1,P,1,2,DC504,52-R,,1,3.6,9.76,,7.61,0,0,,,,,,,,,,
276,25,21-Mar-15,RIV,GAMO,132,2,1,W,2,5,,132-N,,0,3.64,12.41,0.81,7.6,0,2,4.4,4.77,26.45,0.180340265,,,,,,
132,12,13-Mar-15,Rohan,GAMO,53,2,1,W,1,2,DC518,53-R,,0,3.34,9.67,,7.23,0,0,,,,,,,,,,
268,24,21-Mar-15,Secret Gondor,GAMO,138,2,1,P,1,2,,138-R,,0,3.27,10.23,,7.1,0,1,,,,,,,,,,
122,11,13-Mar-15,Shire,GAMO,108,2,1,W,1,2,,108-L,,0,3.45,11.04,,7.09,0,0,,,,,,,,,,
13,2,5-Mar-15,UR,GAMO,98,2,1,W,1,2,DC465,98-L,,0,3.36,8.92,,6.93,0,1,,,,,,,,,,
12,2,5-Mar-15,UR,GAMO,98,2,1,W,1,2,,98-R,,0,3.61,9.18,,6.56,0,0,,,,,,,,,,
32,4,8-Mar-15,Plot,GAMO,131,2,1,W,2,5,,131-N,,0,4.05,13,0.76,6.5,0,2,4.6,,,,,,,,,
91,9,11-Mar-15,UR,GAMO,35,2,1,W,1,2,DC510,35-R,,0,3.27,8.75,,6.48,,1, , ,,,,,,,,
133,12,13-Mar-15,Rohan,GAMO,53,2,1,W,1,2,DC519,53-L,,0,3.03,10.15,,6.45,0,0,,,,,,,,,,
92,9,11-Mar-15,UR,GAMO,35,2,1,W,1,2,DC511,35-L,,0,3.57,8.94,,6.44,,2,, ,,,,,,,,
218,20,17-Mar-15,RIV,GAMO,132,2,1,W,1,2,DC537,132-L,,1,2.54,9.017,,6.43,0,2,,,,,,,,,,
157,14,14-Mar-15,SRR,GAMO,137,2,1,P,2,4,,137-N,,0,3.82,11.96,,6.39,0,0,,,,,,,,,,
51,6,10-Mar-15,Riv,GAMO,109,2,1,W,1,2,,109-B,,0,2.93,8.88,,6.38,0,2,,,,,,,,,,
75,8,10-Mar-15,Mordor,GAMO,52,2,1,P,1,2,,52-N,,0,3,8.93,,6.27,0,0,,,,,,,,,,
147,13,14-Mar-15,Rohan,GAMO,91,2,1,P,2,4,,91-N,,0,3.72,12.7,,6.05,0,0,,1.54,4.94,0.311740891,,,,,,
269,24,21-Mar-15,Secret Gondor,GAMO,138,2,1,P,1,2,DC543,138-L,,1,3,8.58,,6,0,0,,,,,,,,,,
14,2,5-Mar-15,UR,GAMO,98,2,1,W,1,2,,98-B,,0,3.05,9.62,,5.97,0,0,,,,,,,,,,
113,11,13-Mar-15,UR,GAMO,103,2,1,W,1,2,,103-R,,0,2.92,9.07,,5.97,0,0,,,,,,,,,,
6,1,4-Mar-15,Plot,GAMO,131,2,1,W,1,2,DC467,131-L,,0,3.14,8.68,,5.9,0,2,,,,,,,,,,
85,8,11-Mar-15,Riv,GAMO,95,2,1,P,1,2,DC487,95-R,,1,2.99,8.62,,5.87,0,2,,,,,,,,,,
121,11,13-Mar-15,Shire,GAMO,108,2,1,W,1,2,,108-R,,0,3.24,10.59,,5.82,0,0,,,,,,,,,,
123,11,13-Mar-15,Shire,GAMO,108,2,1,W,1,2,,108-B,,0,3.36,10,,5.65,0,2,,,,,,,,,,
130,12,13-Mar-15,AZ,GAMO,24,2,1,P,1,2,DC521,24-L,,1,2.97,8.7,,5.55,0,0,,,,,,,,,,
18,3,7-Mar-15,UR,GAMO,2,2,1,P,1,2,DC481,2-R,,0,2.67,8.1,,5.5,0,0,,,,,,,,,,
217,20,17-Mar-15,RIV,GAMO,132,2,1,W,1,2,DC536,132-R,,0,2.8194,8.89,,5.45,0,0,,,,,,,,,,
129,12,13-Mar-15,AZ,GAMO,24,2,1,P,1,2,DC520,24-R,,1,3.13,8.46,,5.4,0,2,,,,,,,,,,
5,1,4-Mar-15,Plot,GAMO,131,2,1,W,1,2,DC418,131-R,,1,3.19,8.53,,5.2,0,0,,,,,,,,,,
114,11,13-Mar-15,UR,GAMO,103,2,1,P,1,2,,103-L,,0,2.74,8.5,,5.05,0,0,,,,,,,,,,
71,7,10-Mar-15,Rohan,GAMO,129,2,1,W,1,1,DC503,129-L,,0,2.59,7.87,,4.92,0,1,,,,,,,,,,
49,5,10-Mar-15,Riv,GAMO,109,2,1,W,1,1,,109-R,,0,2.11,7.95,,4.88,0,2,,,,,,,,,,
70,7,10-Mar-15,Rohan,GAMO,129,2,1,W,1,1,DC502,129-R,,0,2.67,8.22,,4.75,0,0,,,,,,,,,,
68,7,10-Mar-15,Rohan,GAMO,91,2,1,P,1,1,DC506,91-R,,0,2.73,7.41,,4.63,0,0,,,,,,,,,,
270,24,21-Mar-15,Secret Gondor,GAMO,138,2,1,P,1,1,DC544,138-N,,1,2.61,8.83,,4.5,0,0,,,,,,,,,,
115,11,13-Mar-15,UR,GAMO,103,2,1,P,1,1,,103-B,,0,2.68,8.17,,4.39,0,0,,,,,,,,,,
52,6,10-Mar-15,Riv,GAMO,137,2,1,P,1,1,DC484,137-R,,0,2.45,7.24,,4.36,0,0,,,,,,,,,,
219,20,17-Mar-15,RIV,GAMO,132,2,1,W,1,1,,132-B,,0,2.2352,7.9756,,4.2,0,2,,,,,,,,,,
53,6,10-Mar-15,Riv,GAMO,137,2,1,P,1,1,DC485,137-L,,1,2.29,6.66,,4.12,0,0,,,,,,,,,,
74,7,10-Mar-15,Mordor,GAMO,52,2,1,P,1,1,DC505,52-L,,1,2.68,7.56,,4.07,0,0,,,,,,,,,,
188,17,16-Mar-15,UR,GAMO,117,2,1,P,1,1,,117-R,,0,2.74,8.21,,4.04,0,0,,,,,,,,,,
20,3,7-Mar-15,UR,GAMO,2,2,1,P,1,1,DC482,2-B,,1,2.71,7.94,,4.01,0,0,,,,,,,,,,
19,3,7-Mar-15,UR,GAMO,2,2,1,P,1,1,DC480,2-L,,0,2.79,7.85,,3.98,0,0,,,,,,,,,,
69,7,10-Mar-15,Rohan,GAMO,91,2,1,P,1,1,DC507,91-L,,1,2.65,8.04,,3.98,0,0,,,,,,,,,,
50,5,10-Mar-15,Riv,GAMO,109,2,1,W,1,1,,109-L,,0,2.86,8.28,,3.96,0,2,,,,,,,,,,
54,6,10-Mar-15,Riv,GAMO,137,2,1,P,1,1,DC486,137-B,,1,2.58,7.27,,3.96,0,0,,,,,,,,,,
220,20,17-Mar-15,RIV,GAMO,132,2,1,W,1,1,,132-N,,0,2.2352,7.4168,,3.6,0,0,,,,,,,,,,
131,12,13-Mar-15,AZ,GAMO,24,2,1,P,1,1,DC522,24-N,,0,2.45,7.58,,3.51,0,0,,,,,,,,,,
124,11,13-Mar-15,Shire,GAMO,108,2,1,W,1,1,,108-N,,0,2.71,8.18,,3.34,0,0,,,,,,,,,,
7,1,4-Mar-15,Plot,GAMO,131,2,1,W,1,1,,131-N,,0,2.69,7.74,,3.3,0,0,,,,,,,,,,
125,11,13-Mar-15,Gondor,GAMO,131,2,1,W,3,11,DC418,131-R,GBkSG,1,7.39,31.82,16.63,,0,2,8.1,18.59,55.94,0.332320343,,,,,,
187,17,16-Mar-15,UR,GAMO,103,2,1,P,2,4,,103-N,,0,2.84,8.71,,,0,0,,,,,,,,,,
561,47,4-May-15,Rohan,GAMO,91,2,2,P,3,11,DC615,91.2-L,GSBkW,1,8.07,36.33,20.83,44.6,0,0,10.3,20.08,64.68,0.310451453,,,,,,
560,47,4-May-15,Rohan,GAMO,91,2,2,P,3,11,DC614,91.2-R,ROSGy,1,8.17,34.37,20.25,43.13,0,0,10.7,22.96,38.38,0.598228244,,,,,,
474,39,25-Apr-15,UR,GAMO,103,2,2,P,3,11,DC575,103.2-R,SYOBk,1,8.55,34.75,21.02,42.02,0,0,8.3,19.23,56.21,0.342109945,,,,,,
473,39,25-Apr-15,UR,GAMO,103,2,2,P,3,11,DC574,103.2-L,GyWWS,1,8.94,34.8,20.51,41.18,0,0,10.2,,,,,,,,,
475,39,25-Apr-15,UR,GAMO,103,2,2,P,3,10,DC576,103.2-B,SRYY,1,8.43,32.37,15.2,40.96,,,7.1,20.26,67.84,0.298643868,,,,,,
476,39,25-Apr-15,UR,GAMO,103,2,2,P,3,10,DC577,103.2-N,SRGG,1,8.44,31.07,14.62,40.32,,,6.9,18.47,56.18,0.328764685,,,,,,
489,40,26-Apr-15,UR,GAMO,117,2,2,P,3,11,DC583,117.2-L,RYSGy,1,9.44,35.03,21.68,39.44,0,0,10.5,20.51,68.11,0.301130524,,,,,,
562,47,4-May-15,Rohan,GAMO,91,2,2,P,3,11,DC616,91.2-B,YSBlW,1,7.41,33.8,18.89,39.3,0,0,10.6,16.07,53.48,0.300486163,,,,,,
573,48,7-May-15,gondor mesa,GAMO,138,2,2,P,3,11,DC633,138.2-L,OGySY,1,33.04,18.21,38.6,38.6,0,0,11.1,4.79,14.02,0.341654779,,,,,,
563,47,4-May-15,Rohan,GAMO,91,2,2,P,3,10,DC617,91.2-N,WSRG,1,8.2,32.68,17.92,38.5,0,0,9.8,17,59.9,0.283806344,,,,,,
484,40,25-Apr-15,RIV ,GAMO,2,2,2,P,3,12,DC582,2.2-L,GWSG,1,8.95,33.73,24.45,38.29, ,,11.5,22.21,60.48,0.367228836,,,,,,
482,39,25-Apr-15,RIV ,GAMO,2,2,2,P,3,11,DC580,2.2-N,SGOO,1,8.77,33.87,20.62,38.25,0,0,10.1,16.74,45.85,0.365103599,,,,,,
481,39,25-Apr-15,RIV ,GAMO,2,2,2,P,3,12,DC579,2.2-R,SYBkBk,1,9.44,33.48,25.53,38.13,0,0,11.6,7.32,19.52,0.375,,,,,,
439,36,21-Apr-15,Plot,GAMO,131,2,2,W,3,10,DC568,131.2-B,BkBkRS,1,8.39,30.69,15.65,37.96,0,1,8.6,19.76,64.26,0.307500778,,,,,,
480,39,25-Apr-15,RIV ,GAMO,2,2,2,P,3,12,DC578,2.2-B,WRGyS,1,9.46,34.73,22.81,37.83,0,0,11.4,14.39,38.67,0.372123093,,,,,,
519,43,29-Apr-15,Rohan,GAMO,52,2,2,P,3,9,DC595,52.2-L,GyRSBk,1,8.61,32.53,15.88,37.58,0,0,9.7,3.24,9.67,0.335056877,,,,,,
438,36,21-Apr-15,Plot,GAMO,131,2,2,W,3,11,DC569,131.2-R,BlYBlS,1,8.7,32.97,19.3,37.57,0,2,6.4,11.82,47.8,0.247280335,,,,,,
538,45,30-Apr-15,gondor mesa,GAMO,137,2,2,P,3,9,DC612,137.2-N,SYGyR,1,7.37,31.9,13.7,35.2,0,0,10.1,20.21,64.2,0.314797508,,,,,,
491,40,26-Apr-15,UR,GAMO,117,2,2,P,3,11,DC585,117.2-B,BlRGS,1,9.14,34.53,20.43,35.16,0,0,9.5,22.97,68.4,0.335818713,,,,,,
521,43,29-Apr-15,Rohan,GAMO,52,2,2,P,3,10,DC597,52.2-R,OSWBl,1,8.17,31.41,14.59,35.03,0,0,9.9,,,,,,,,,
528,43,29-Apr-15,RIV,GAMO,95,2,2,P,3,9,DC599,95.2-R,SWGyBk,1,6.44,28.37,12.68,34.94,0,0,7.9,3.05,10.11,0.301681503,,,,,,
564,47,4-May-15,Rohan,GAMO,91,2,2,P,3,10,DC618,91.2-S,OYSO,1,7.23,31.91,13.93,34.87,0,0,9.5,,,,,,,,,
490,40,26-Apr-15,UR,GAMO,117,2,2,P,3,11,DC584,117.2-R,SOYW,1,8.74,33.35,20.6,34.82,0,0,10.6,16.99,49.56,0.342816788,,,,,,
426,35,21-Apr-15,LR,GAMO,108,2,2,W,3,11,DC560,108.2-L,SBkYBl,0,8.3,32.4,17.6,34.36,2,0,4.9,16.08,66.91,0.240322822,,,,,,
536,45,30-Apr-15,gondor mesa,GAMO,137,2,2,P,3,10,DC608,137.2-R,SBkBlO,1,8.05,31.96,14.52,33.92,0,0,8.4,18.74,66.5,0.281804511,,,,,,
572,48,7-May-15,gondor mesa,GAMO,138,2,2,P,3,11,DC632,138.2-R,BlSWR,1,32.56,18.78,33.79,33.79,0,0,11.6,15.93,44.83,0.355342405,,,,,,
537,45,30-Apr-15,gondor mesa,GAMO,137,2,2,P,3,10,DC611,137.2-L,SROR,1,7.67,32.87,15.7,33.6,0,0,10.8,22.76,64.94,0.350477364,,,,,,
520,43,29-Apr-15,Rohan,GAMO,52,2,2,P,3,9,DC596,52.2-R,YGGS,1,8.41,31.29,17.13,33.32,0,0,10,21.52,63.2,0.340506329,,,,,,
428,35,21-Apr-15,LR,GAMO,108,2,2,W,3,11,DC562,108.2-B,GRGS,1,8.08,33.37,16.98,33.28,1,2,3.6,13.44,64.48,0.208436725,,,,,,
574,48,7-May-15,gondor mesa,GAMO,138,2,2,P,3,10,DC634,138.2-B,RSYO,1,31.07,17.82,32.96,32.96,0,0,11.3,21.34,62.64,0.340676884,,,,,,
529,43,29-Apr-15,RIV,GAMO,95,2,2,P,3,9,DC600,95.2-L,SYRO,1,7.7,30.03,15.35,32.38,0,0,9.9,19.3,59.3,0.325463744,,,,,,
530,43,29-Apr-15,RIV,GAMO,95,2,2,P,3,9,DC601,95.2-B,RWSR,1,6.77,29.17,13.94,32.37,0,0,9,23.72,66.07,0.359013168,,,,,,
483,40,25-Apr-15,RIV ,GAMO,2,2,2,P,3,11,DC581,2.2-S,BlSGR,1,7.85,30.07,12.73,31.86, ,,8.2,21.6,65.01,0.332256576,,,,,,
429,35,21-Apr-15,LR,GAMO,108,2,2,W,3,10,DC563,108.2-R,BkYYS,1,7.76,29.7,12.96,30.51,3,1,4.9,5.05,21.06,0.239791073,,,,,,
497,41,27-Apr-15,UR,GAMO,35,2,2,W,3,10,DC587,35.2-R,RBkSR,1,7.89,29.38,14.51,30.18,2,2,7.4,21.71,62.65,0.346528332,,,,,,
575,48,7-May-15,gondor mesa,GAMO,138,2,2,P,3,10,DC635,138.2-N,GSWGy,1,32.04,16.56,29.45,29.45,0,0,9.9,20.09,59.5,0.337647059,,,,,,
427,35,21-Apr-15,LR,GAMO,108,2,2,W,3,10,DC561,108.2-N,GySOGy,0,7.03,29.11,9.08,29.14,2,2,6.3,,,,,,,,,
405,33,20-Apr-15,UR,GAMO,103,2,2,P,2,6,DC575,103.2-R,,1,6.31,24.75,6.71,28.83,0,0,7.2,,,,,,,,,
522,43,29-Apr-15,Rohan,GAMO,52,2,2,P,3,10,DC598,52.2-N,WSWY,1,7.7,28.22,11.2,28.37,0,0,8,12.2,36.9,0.330623306,,,,,,
531,44,29-Apr-15,RIV,GAMO,95,2,2,P,3,8,DC602,95.2-N,SBlGyBl,1,6.1,29.12,10.49,27.3,0,0,7.3,17.66,61.75,0.285991903,,,,,,
404,33,20-Apr-15,UR,GAMO,103,2,2,P,2,6,DC574,103.2-L,,1,5.97,24.65,5.57,26.56,0,0,6.6,14.51,52.13,0.278342605,,,,,,
496,41,27-Apr-15,UR,GAMO,35,2,2,W,3,9,DC586,35.2-B,OBlSGy,1,6.32,26.11,8.03,25.96,2,2,7.1,23.21,66.62,0.348393876,,,,,,
576,48,7-May-15,gondor mesa,GAMO,138,2,2,P,3,10,DC636,138.2-S,BlORS,1,30.17,11.61,25.91,25.91,0,0,8.2,13.43,53.89,0.249211356,,,,,,
392,32,20-Apr-15,RIV,GAMO,2,2,2,P,2,7,DC579,2.2-R,,1,7.26,23.65,8.38,25.5,0,0,10,,,,,,,,,
394,32,20-Apr-15,RIV,GAMO,2,2,2,P,2,7,DC578,2.2-B,,1,6.93,25.72,7.11,24.92,0,0,8.2,,,,,,,,,
524,43,29-Apr-15,Rohan,GAMO,91,2,2,P,2,6,DC615,91.2-L,,1,5.91,21.08,4.98,24.42,0,0,7.9,,,,,,,,,
495,41,26-Apr-15,RIV,GAMO,95,2,2,P,2,6,DC600,95.2-L,,1,6.07,22.02,6.7,23.78,0,0,6.8,11.14,45.2,0.246460177,,,,,,
393,32,20-Apr-15,RIV,GAMO,2,2,2,P,2,7,DC582,2.2-L,,1,6.16,22.66,7.02,22.91,0,1,9.6,14.62,42.05,0.347681332,,,,,,
421,35,21-Apr-15,UR,GAMO,117,2,2,P,2,6,DC583,117.2-L,,1,6.51,23.34,5.35,22.7,0,0,9.6,19.28,60.56,0.318361955,,,,,,
494,40,26-Apr-15,RIV,GAMO,95,2,2,P,2,6,DC599,95.2-R,,1,4.2,20.48,3.47,21.88,0,0,,,,,,,,,,
492,40,26-Apr-15,RIV,GAMO,95,2,2,P,2,6,DC601,95.2-B,,1,5.22,22.5,4.69,21.81,0,0,8.5,2.81,9.55,0.294240838,,,,,,
357,29,16-Apr-15,Shire,GAMO,108,2,2,W,2,6,DC560,108.2-L,,0,5.66,22.82,3.6,21.5,0,2,3.6,5.75,33.67,0.170775171,,,,,,
395,32,20-Apr-15,RIV,GAMO,2,2,2,P,2,6,DC580,2.2-N,,1,6.08,20.67,4.76,21.5,0,0,8.8,,,,,,,,,
423,35,21-Apr-15,UR,GAMO,117,2,2,P,2,6,DC584,117.2-R,,1,6.07,21.15,4.47,21.45,0,0,8.8,,,,,,,,,
407,33,20-Apr-15,UR,GAMO,103,2,2,P,2,5,DC576,103.2-B,,1,5.71,19.77,2.55,21.22,0,0,7.3,16.65,65.13,0.255642561,,,,,,
525,43,29-Apr-15,Rohan,GAMO,91,2,2,P,2,6,DC614,91.2-R,,1,6,21.95,3.83,21.17,0,0,6.9,20.41,67.41,0.302774069,,,,,,
498,41,27-Apr-15,AZ,GAMO,24,2,2,P,2,6,DC613,24.2-R,,0,6.07,21.83,3.32,20.99,0,0,,6.75,21.02,0.32112274,,,,,,
422,35,21-Apr-15,UR,GAMO,117,2,2,P,2,6,DC585,117.2-B,,1,6.46,20.87,4.88,20.58,0,0,10.1,,,,,,,,,
354,29,16-Apr-15,Plot,GAMO,131,2,2,W,2,6,,131.2-R,,1,5.66,21.25,3.43,20.31,0,1,7.4,15.51,53.31,0.290939786,,,,,,
358,29,16-Apr-15,Shire,GAMO,108,2,2,W,2,6,DC562,108.2-B,,1,5.8,21.47,2.64,20.01,0,1,4.5,5.69,28.01,0.203141735,,,,,,
500,41,27-Apr-15,AZ,GAMO,24,2,2,P,2,6,DC607,24.2-L,,0,5.86,19.65,3.12,19.43,0,0,5.6,12.3,38,0.323684211,,,,,,
551,46,2-May-15,gondor mesa,GAMO,138,2,2,P,2,6,DC633,138.2-L,,1,5.33,20.28,3.02,19.39,0,0,6.9,7.57,23.37,0.323919555,,,,,,
523,43,29-Apr-15,Rohan,GAMO,91,2,2,P,2,6,DC616,91.2-B,,1,5.1,20.07,2.75,18.63,0,1,6.3,0.69,2.69,0.256505576,,,,,,
470,38,24-Apr-15,UR,GAMO,98,2,2,W,2,5,,98.2-N,,0,4.78,16.75,1.94,17.76,0,1,4.3,,,,,,,,,
550,46,2-May-15,gondor mesa,GAMO,138,2,2,P,2,6,DC632,138.2-R,,1,5.35,20.09,3.8,17.52,0,0,6.9,19.04,62.31,0.30556893,,,,,,
424,35,21-Apr-15,UR,GAMO,117,2,2,P,2,5,,117.2-N,,0,5.07,17.82,2.33,17.43,0,0,,,,,,,,,,
471,39,24-Apr-15,UR,GAMO,98,2,2,W,2,6,,98.2-R,,0,4.03,16.89,1.6,17.17,3,2,3.2,5.74,33.73,0.170174918,,,,,,
460,38,24-Apr-15,Rohan,GAMO,52,2,2,P,2,5,DC596,52.2-R,,1,4.95,17.39,2.26,16.94,0,0,7.1,12.59,47.26,0.266398646,,,,,,
526,43,29-Apr-15,Rohan,GAMO,91,2,2,P,2,5,DC617,91.2-N,,1,5.34,19.32,2.54,16.94,0,1,7,22.81,63.52,0.359099496,,,,,,
406,33,20-Apr-15,UR,GAMO,103,2,2,P,2,5,DC577,103.2-N,,1,5.16,17.13,1.48,16.83,0,1,5.5,11.98,40.25,0.297639752,,,,,,
461,38,24-Apr-15,Rohan,GAMO,52,2,2,P,2,5,DC595,52.2-L,,1,5.09,16.54,1.57,16.74,0,0,6.1,9.96,38.78,0.256833419,,,,,,
493,40,26-Apr-15,RIV,GAMO,95,2,2,P,2,5,DC602,95.2-N,,1,5.43,18.41,1.61,16.68,0,0,6.4,,,,,,,,,
552,46,2-May-15,gondor mesa,GAMO,138,2,2,P,2,5,DC634,138.2-B,,1,4.92,18.97,2.82,16.25,0,0,7.8,17.52,47.97,0.365228268,,,,,,
472,39,24-Apr-15,UR,GAMO,98,2,2,W,2,5,,98.2-L,,0,5.08,16.69,1.23,15.86,3,2,4.7,,,,,,,,,
356,29,16-Apr-15,Shire,GAMO,108,2,2,W,2,5,DC563,108.2-R,,1,5.01,18.51,1.78,15.76,1,1,3.3,9.62,61.13,0.15736954,,,,,,
478,39,25-Apr-15,gondor mesa,GAMO,137,2,2,P,2,5,DC611,137.2-L,,1,4.85,18.08,1.59,15.69,0,0,6.1,5.61,19.82,0.283047427,,,,,,
355,29,16-Apr-15,Plot,GAMO,131,2,2,W,2,5,,131.2-B,,1,4.84,16.45,1.38,15.48,0,2,5.2,6.4,26.53,0.241236336,,,,,,
351,29,15-Apr-15,Gondor,GAMO,115,2,2,W,2,5,,115.2-R,,0,5.3,19.24,2.96,14.97,0,2,1.9,3.67,28.74,0.12769659,,,,,,
477,39,25-Apr-15,gondor mesa,GAMO,137,2,2,P,2,5,DC608,137.2-R,,1,4.74,17.26,,14.77,0,0,6.3,16.47,59.19,0.278256462,,,,,,
499,41,27-Apr-15,AZ,GAMO,24,2,2,P,2,5,DC609,24.2-N,,1,5.5,17.44,1.91,14.74,0,0,6,16.82,59.97,0.28047357,,,,,,
352,29,15-Apr-15,Gondor,GAMO,115,2,2,W,2,5,,115.2-L,,0,5.31,18.7,2.52,14.38,0,1,2.3,0.97,6.78,0.143067847,,,,,,
553,46,2-May-15,gondor mesa,GAMO,138,2,2,P,2,5,DC635,138.2-N,,1,4.26,17.59,2.27,13.92,0,0,6.7,13.67,46.84,0.291844577,,,,,,
462,38,24-Apr-15,Rohan,GAMO,52,2,2,P,2,4,,52.2-B,,0,4.5,19.43,0.83,13.77,0,1,5.6,9.04,38.87,0.232570105,,,,,,
456,37,23-Apr-15,UR,GAMO,35,2,2,W,2,6,DC587,35.2-R,,1,6,20.41,4.13,13.17, , ,5.7,,,,,,,,,
359,29,16-Apr-15,Shire,GAMO,108,2,2,W,2,5,DC561,108.2-N,,0,4.16,15.53,0.67,12.78,0,1,4,1.51,10.31,0.146459748,,,,,,
364,30,16-Apr-15,RIV,GAMO,109,2,2,W,2,4,,109.2-R,,0,4.12,15.45,1.38,12.74,1,1,3.1,7.95,56.07,0.141787052,,,,,,
425,35,21-Apr-15,UR,GAMO,117,2,2,P,2,5,,117.2-S,,0,4.62,13.82,0.73,12.63,0,0,,,,,,,,,,
479,39,25-Apr-15,gondor mesa,GAMO,137,2,2,P,2,4,DC612,137.2-N,,1,4.4,14.8,,11.54,0,0,,,,,,,,,,
527,43,29-Apr-15,Rohan,GAMO,91,2,2,P,2,5,DC618,91.2-S,,1,4.18,14.36,0.82,11.02,0,0,,,,,,,,,,
457,37,23-Apr-15,UR,GAMO,35,2,2,W,2,5,,35.2-L,,0,5.48,17.35,1.68,10.4,0,2,4.7,13.69,63.63,0.215150086,,,,,,
365,30,16-Apr-15,RIV,GAMO,109,2,2,W,2,4,,109.2-L,,0,4.01,12.97,,9.92,0,2,4.3,6.18,41.33,0.149528188,,,,,,
396,33,20-Apr-15,RIV,GAMO,2,2,2,P,2,6,DC581,2.2-S,,1,4.03,13.97,,9.7,0,0,,,,,,,,,,
463,38,24-Apr-15,Rohan,GAMO,52,2,2,P,2,4,DC598,52.2-N,,1,4.26,13.35,,9.14,0,1,,,,,,,,,,
554,46,2-May-15,gondor mesa,GAMO,138,2,2,P,2,5,DC636,138.2-S,,1,3.91,13.46,,8.73,0,0,5.5,,,,,,,,,
458,37,23-Apr-15,UR,GAMO,35,2,2,W,2,5,DC586,35.2-B,,1,4.95,15.43,1.07,8.7,0,,,,,,,,,,,
459,38,23-Apr-15,UR,GAMO,35,2,2,W,2,5,,35.2-N,,0,4.59,15.7,0.45,8.17,0,2,4.4,11.67,56.98,0.204808705,,,,,,
445,36,22-Apr-15,RIV,GAMO,95,2,2,P,1,2,DC601,95.2-B,,1,3.19,9.38,,7.66,0,1,,,,,,,,,,
444,36,22-Apr-15,RIV,GAMO,95,2,2,P,1,2,DC600,95.2-L,,1,3.53,9.87,,7.63,0,0,,,,,,,,,,
344,28,15-Apr-15,RIV,GAMO,2,2,2,P,1,2,DC579,2.2-R,,1,3.53,9.09,,6.92,0,2,,,,,,,,,,
417,34,21-Apr-15,Mordor,GAMO,52,2,2,P,1,2,DC596,52.2-R,,1,,9.08,,6.58,0,1,,,,,,,,,,
482.2,39.5,25-Apr-15,Rohan,GAMO,91,2,2,P,1,2,DC615,91.2-L,,1,3.12,9.27,,6.5,,,,,,,,,,,,
346,28,15-Apr-15,RIV,GAMO,2,2,2,P,1,2,DC578,2.2-B,,1,3.18,9.03,,6.18,0,1,,,,,,,,,,
443,36,22-Apr-15,RIV,GAMO,95,2,2,P,1,2,DC599,95.2-R,,1,3.11,7.62,,6.11,0,1,,,,,,,,,,
317,27,12-Apr-15,Turnaround,GAMO,108,2,2,W,1,2,DC560,108.2-L,,0,2.63,9.3,,5.77,0,2,,,,,,,,,,
325,27.5,12-Apr-15,Plot,GAMO,131,2,2,W,1,2,DC569,131.2-R,,1,3.32,8.64,,5.75,0,0,,,,,,,,,,
482.1,39.5,25-Apr-15,Rohan,GAMO,91,2,2,P,1,2,DC614,91.2-R,,1,3.35,8.54,,5.71,,,,,,,,,,,,
418,34,21-Apr-15,Mordor,GAMO,52,2,2,P,1,2,DC595,52.2-L,,1,3.42,8.42,,5.68,0,1,,,,,,,,,,
382,31,19-Apr-15,UR,GAMO,35,2,2,W,1,2,DC587,35.2-R,,1,3.09,8.97,,5.45,0,1,,,,,,,,,,
390,32,20-Apr-15,UR,GAMO,98,2,2,W,1,2,,98.2-L,,0,3.04,7.64,,5.4,0,2,,,,,,,,,,
345,28,15-Apr-15,RIV,GAMO,2,2,2,P,1,2,DC582,2.2-L,,1,2.92,8.04,,5.37,0,0,,,,,,,,,,
319,27,12-Apr-15,Turnaround,GAMO,108,2,2,W,1,2,DC562,108.2-B,,1,2.7,8.21,,5.24,0,2,,,,,,,,,,
350,29,15-Apr-15,UR,GAMO,103,2,2,P,1,1,DC574,103.2-L,,1,3.17,7.98,,5.24,0,1,,,,,,,,,,
326,27.5,12-Apr-15,Plot,GAMO,131,2,2,W,1,2,,131.2-L,,0,2.78,9.11,,5.14,0,0,,,,,,,,,,
483.3,39.5,25-Apr-15,Rohan,GAMO,91,2,2,P,1,2,DC616,91.2-B,,1,2.94,8.71,,5.09,,,,,,,,,,,,
369,30,16-Apr-15,UR,GAMO,117,2,2,P,1,1,DC585,117.2-B,,1,2.95,8.65,,4.93,0,0,,,,,,,,,,
336,28,13-Apr-15,RIV ,GAMO,109,2,2,W,1,1,,109.2-R,,0,2.75,7.07,,4.79,0,0,,,,,,,,,,
555,46,2-May-15,Rohan,GAMO,53,2,2,W,1,1,,53.2-R,,0,2.88,9.02,,4.78,0,0,,,,,,,,,,
349,29,15-Apr-15,UR,GAMO,103,2,2,P,1,1,DC576,103.2-B,,1,3.17,8.32,,4.77,0,1,,,,,,,,,,
368,30,16-Apr-15,UR,GAMO,117,2,2,P,1,1,DC583,117.2-L,,1,3.04,8.05,,4.71,0,0,,,,,,,,,,
389,32,20-Apr-15,UR,GAMO,98,2,2,W,1,1,,98.2-R,,0,3.09,7.71,,4.61,2,1,,,,,,,,,,
367,30,16-Apr-15,UR,GAMO,117,2,2,P,1,1,DC584,117.2-R,,1,2.79,8.35,,4.51,0,0,,,,,,,,,,
434,36,21-Apr-15,gondor mesa,GAMO,137,2,2,P,1,1,DC611,137.2-L,,1,2.73,7.13,,4.39,0,0,,,,,,,,,,
419,34,21-Apr-15,Mordor,GAMO,52,2,2,P,1,1,,52.2-B,,0,3.21,7.09,,4.36,0,1,,,,,,,,,,
484.4,39.5,25-Apr-15,Rohan,GAMO,91,2,2,P,1,1,DC617,91.2-N,,1,2.9,7.64,,4.36,,,,,,,,,,,,
306,27,10-Apr-15,Gondor,GAMO,115,2,2,W,1,1,,115.2-R,,0,2.69,7.52,,4.26,0,1,,,,,,,,,,
347,28,15-Apr-15,RIV,GAMO,2,2,2,P,1,1,DC580,2.2-N,,1,2.82,7.41,,4.19,0,0,,,,,,,,,,
391,32,20-Apr-15,UR,GAMO,98,2,2,W,1,1,,98.2-N,,0,3,6.97,,4.18,0,0,,,,,,,,,,
327,27.5,12-Apr-15,Plot,GAMO,131,2,2,W,1,1,DC568,131.2-B,,1,2.52,8.57,,4.13,0,0,,,,,,,,,,
435,36,21-Apr-15,gondor mesa,GAMO,137,2,2,P,1,1,DC608,137.2-R,,1,2.6,6.91, ,4.09,0,0,,,,,,,,,,
383,31,19-Apr-15,UR,GAMO,35,2,2,W,1,1,,35.2-L,,0,3.04,7,,3.97,0,0,,,,,,,,,,
440,36,22-Apr-15,Rohan,GAMO,24,2,2,P,1,1,DC613,24.2-R,,0,2.73,7.33,,3.93,0,0,,,,,,,,,,
446,36,22-Apr-15,RIV,GAMO,95,2,2,P,1,1,DC602,95.2-N,,1,2.78,7.6,,3.91,0,0,,,,,,,,,,
507,42,27-Apr-15,gondor mesa,GAMO,138,2,2,P,1,1,DC632,138.2-R,,1,2.84,7.2,,3.89,0,0,,,,,,,,,,
307,27,10-Apr-15,Gondor,GAMO,115,2,2,W,1,1,,115.2-L,,0,2.44,7.49,,3.8,0,0,,,,,,,,,,
508,42,27-Apr-15,gondor mesa,GAMO,138,2,2,P,1,1,DC633,138.2-L,,1,2.88,7.69,,3.69,0,0,,,,,,,,,,
441,36,22-Apr-15,Rohan,GAMO,24,2,2,P,1,1,DC607,24.2-L,,0,2.75,7.03,,3.67,0,0,,,,,,,,,,
318,27,12-Apr-15,Turnaround,GAMO,108,2,2,W,1,1,DC563,108.2-R,,1,2.46,7.18,,3.54,0,0,,,,,,,,,,
337,28,13-Apr-15,RIV ,GAMO,109,2,2,W,1,1,,109.2-L,,0,2.43,6.73,,3.47,0,1,,,,,,,,,,
547,45,2-May-15,Rohan,GAMO,24,2,2,P,3,11,DC613,24.2-R,SBlWO,0,9.08,34.55,17.8,,0,0,10.7,16.48,52.44,0.314263921,,,,,,
548,46,2-May-15,Rohan,GAMO,24,2,2,P,3,11,DC607,24.2-L,RWSR,0,8.79,33.97,17.18,,0,0,12.3,22.87,58.53,0.390739792,,,,,,
549,46,2-May-15,Rohan,GAMO,24,2,2,P,3,10,DC609,24.2-N,YGSG,1,8.16,34.78,15.61,,0,0,8.1,21.16,66.24,0.319444444,,,,,,
399,33,20-Apr-15,LR,GAMO,42,2,2,W,1,3,DC588,42.2-B,B,,3.64,9.52,,8.3,0,2,,,,,,,,,0,0
398,33,20-Apr-15,LR,GAMO,42,2,2,W,1,3,DC589,42.2-L,L,,3.45,8.71,,6.88,0,1,,,,,,,,Marked on R leg and erased with alcohol,0,0
400,33,20-Apr-15,LR,GAMO,42,2,2,W,1,2,,42.2-N,N,,3.02,8.31,,4.91,0,0,,,,,,,,wet,0,0
397,33,20-Apr-15,LR,GAMO,42,2,2,W,1,3,DC590,42.2-R,R,,3.96,9.48,,8.64,0,0,,,,,,,,Lesion in beak R,0,0
504,41,27-Apr-15,Gondor,GAMO,25,2,2,P,1,2,DC628,25.2-B,B,,3.96,10.33,,7.61,0,1,,,,,,,,,0,0
503,41,27-Apr-15,Gondor,GAMO,25,2,2,P,1,3,DC627,25.2-L,L,,3.83,11.05,,8.53,2,1,,,,,,,,2 lesions on abdomen ,0,0
505,41,27-Apr-15,Gondor,GAMO,25,2,2,P,1,2,,25.2-N,N,,3.24,9.04,,5.3,0,0,,,,,,,,,0,0
502,41,27-Apr-15,Gondor,GAMO,25,2,2,P,1,3,DC626,25.2-R,R,,4.21,10.85,,9.05,0,1,,,,,,,,Switched to water treatment because birds already showed signs of infestation/ older chicks looked older than 48h ,0,0
506,41,27-Apr-15,Gondor,GAMO,25,2,2,P,1,1,,25.2-S,S,,2.96,6.92,,3.98,0,0,,,,,,,,Still wet ,0,0